0,0,Original,protein01.pdb,3.984,72519251420192219771925141342512141820192553614719146251972271620
0,1,0,../output/run15/g0/g0_01.pdb,14.882,725192514201922197719251413192512141820192553614719146251972271620
0,2,0,../output/run15/g0/g0_02.pdb,15.019,7251925142019221977192514134251214182019255361476146251972271620
0,3,0,../output/run15/g0/g0_03.pdb,5.712,72519251413192219771925141342512141820192553614719146251972271620
0,4,0,../output/run15/g0/g0_04.pdb,7.583,72519251420192219771925141342512141819192553614719146251972271620
1,5,1,../output/run15/g1/g1_3.pdb,7.346,7251925142019221977192514134251214182019653614719146251972271620
2,9,1,../output/run15/g2/g2_1.pdb,3.772,72519252020192219771925141342512141820192553614719146251972271620
2,10,2,../output/run15/g2/g2_2.pdb,7.332,72519251420192219741925141342512141820192553614719146251972271620
2,11,3,../output/run15/g2/g2_3.pdb,5.599,72519251413192219711925141342512141820192553614719146251972271620
3,15,3,../output/run15/g3/g3_1.pdb,5.193,7251925142019221974192514134251271820192553614719146251972271620
