generation,id,father,pdb_file,fitness,sequence
3,3-30,2-20,../output/run15/g3/g3_0_relaxed.pdb,"-2.463,-1309.764",RYSYNTSVSGGSYNMNYLNHTSYECFKGSNFYSGVGPT
4,4-49,2-20,../output/run15/g4/g4_5_relaxed.pdb,"-2.428,-1310.666",RYSYNTSVSGGSYNMNYLNKTSYECFKGSNFYSGVGPT
2,2-20,1-18,../output/run15/g2/g2_0_relaxed.pdb,"-2.407,-1314.272",RYSYNTSVSGGSYNMNYLNRTSYECFKGSNFYSGVGPT
9,9-40,7-28,../output/run15/g9/g9_9_relaxed.pdb,"-2.596,-1317.104",RYSYNTSVSGGSYNMNYLNLTSYECFKGSNFYSGVGPT
7,7-28,6-10,../output/run15/g7/g7_0_relaxed.pdb,"-2.567,-1319.962",RYSYNTSVSGGSYNMNYLNITSYECFKGSNFYSGVGPT
14,14-41,13-30,../output/run15/g14/g14_8_relaxed.pdb,"-2.625,-1320.024",RYSYNISVSGGSYNMNYLNTTSYECFKGSNFYSGVGPT
13,13-34,11-16,../output/run15/g13/g13_3_relaxed.pdb,"-2.535,-1320.316",RYSYNTSVSGGSYNMNYLNVTSYECFKGSNFYSGVGPT
14,14-48,7-28,../output/run15/g14/g14_4_relaxed.pdb,"-2.505,-1320.549",RYSYNMSVSGGSYNMNYLNITSYECFKGSNFYSGVGPT
13,13-35,12-26,../output/run15/g13/g13_0_relaxed.pdb,"-2.466,-1321.781",RYSYNNSVSGGSYNMNYLNITSYECFKGSNFYSGVGPT
15,15-8,14-41,../output/run15/g15/g15_6_relaxed.pdb,"-2.64,-1318.414",RYSYNISVSGGSYNMNYLNTTSYECFKGSDFYSGVGPT
14,14-41,13-30,../output/run15/g14/g14_8_relaxed.pdb,"-2.625,-1320.024",RYSYNISVSGGSYNMNYLNTTSYECFKGSNFYSGVGPT
15,15-0,13-35,../output/run15/g15/g15_0_relaxed.pdb,"-2.56,-1322.162",RYSYNTSVSGGSYNMNYLNITSYECFKGSNFYSGVGPT
24,24-42,22-23,../output/run15/g24/g24_7_relaxed.pdb,"-2.686,-1327.989",RYSYNLSVSGGSYNMNYLNITSTECFKGSNFYSGVGPT
21,21-10,20-0,../output/run15/g21/g21_3_relaxed.pdb,"-2.642,-1329.729",RYSYNLSVSGGSYNMNYLNITSYECFKGSNFYSGVGPT
24,24-40,21-10,../output/run15/g24/g24_0_relaxed.pdb,"-2.499,-1329.917",RYSYNPSVSGGSYNMNYLNITSYECFKGSNFYSGVGPT
27,27-25,24-42,../output/run15/g27/g27_2_relaxed.pdb,"-2.763,-1317.004",RYSYNLSVSGGSYNMNYLNITSKECFKGSNFYSGVGPT
28,28-39,27-29,../output/run15/g28/g28_2_relaxed.pdb,"-2.694,-1320.995",RYSYNSSVSGGSYNMNYLNITSYECFKGSTFYSGVGPT
25,25-0,24-40,../output/run15/g25/g25_6_relaxed.pdb,"-2.691,-1321.161",RYSYNSSVSGGSYNMNYLNITSYECFKGSNFYSGVGPT
24,24-42,22-23,../output/run15/g24/g24_7_relaxed.pdb,"-2.686,-1327.989",RYSYNLSVSGGSYNMNYLNITSTECFKGSNFYSGVGPT
21,21-10,20-0,../output/run15/g21/g21_3_relaxed.pdb,"-2.642,-1329.729",RYSYNLSVSGGSYNMNYLNITSYECFKGSNFYSGVGPT
24,24-40,21-10,../output/run15/g24/g24_0_relaxed.pdb,"-2.499,-1329.917",RYSYNPSVSGGSYNMNYLNITSYECFKGSNFYSGVGPT
27,27-25,24-42,../output/run15/g27/g27_2_relaxed.pdb,"-2.763,-1317.004",RYSYNLSVSGGSYNMNYLNITSKECFKGSNFYSGVGPT
31,31-13,29-43,../output/run15/g31/g31_1_relaxed.pdb,"-2.695,-1317.178",RYSYNISVSGGSYDMNYLNITSNECFKGSNFYSGVGPT
28,28-39,27-29,../output/run15/g28/g28_2_relaxed.pdb,"-2.694,-1320.995",RYSYNSSVSGGSYNMNYLNITSYECFKGSTFYSGVGPT
25,25-0,24-40,../output/run15/g25/g25_6_relaxed.pdb,"-2.691,-1321.161",RYSYNSSVSGGSYNMNYLNITSYECFKGSNFYSGVGPT
24,24-42,22-23,../output/run15/g24/g24_7_relaxed.pdb,"-2.686,-1327.989",RYSYNLSVSGGSYNMNYLNITSTECFKGSNFYSGVGPT
21,21-10,20-0,../output/run15/g21/g21_3_relaxed.pdb,"-2.642,-1329.729",RYSYNLSVSGGSYNMNYLNITSYECFKGSNFYSGVGPT
24,24-40,21-10,../output/run15/g24/g24_0_relaxed.pdb,"-2.499,-1329.917",RYSYNPSVSGGSYNMNYLNITSYECFKGSNFYSGVGPT
27,27-25,24-42,../output/run15/g27/g27_2_relaxed.pdb,"-2.763,-1317.004",RYSYNLSVSGGSYNMNYLNITSKECFKGSNFYSGVGPT
39,39-44,38-30,../output/run15/g39/g39_1_relaxed.pdb,"-2.713,-1320.124",RYSYNTSVSGGSYNMNYLNITSYECFKGSDFYSGVGPT
28,28-39,27-29,../output/run15/g28/g28_2_relaxed.pdb,"-2.694,-1320.995",RYSYNSSVSGGSYNMNYLNITSYECFKGSTFYSGVGPT
25,25-0,24-40,../output/run15/g25/g25_6_relaxed.pdb,"-2.691,-1321.161",RYSYNSSVSGGSYNMNYLNITSYECFKGSNFYSGVGPT
24,24-42,22-23,../output/run15/g24/g24_7_relaxed.pdb,"-2.686,-1327.989",RYSYNLSVSGGSYNMNYLNITSTECFKGSNFYSGVGPT
21,21-10,20-0,../output/run15/g21/g21_3_relaxed.pdb,"-2.642,-1329.729",RYSYNLSVSGGSYNMNYLNITSYECFKGSNFYSGVGPT
24,24-40,21-10,../output/run15/g24/g24_0_relaxed.pdb,"-2.499,-1329.917",RYSYNPSVSGGSYNMNYLNITSYECFKGSNFYSGVGPT
27,27-25,24-42,../output/run15/g27/g27_2_relaxed.pdb,"-2.763,-1317.004",RYSYNLSVSGGSYNMNYLNITSKECFKGSNFYSGVGPT
41,41-11,40-4,../output/run15/g41/g41_8_relaxed.pdb,"-2.744,-1321.845",RYSYNPSVSGGSYNMNYLNITSLECFKGSTFYSGVGPT
42,42-28,41-11,../output/run15/g42/g42_5_relaxed.pdb,"-2.697,-1322.692",RYSYNPSVSGGSYNMNYLNITSMECFKGSTFYSGVGPT
24,24-42,22-23,../output/run15/g24/g24_7_relaxed.pdb,"-2.686,-1327.989",RYSYNLSVSGGSYNMNYLNITSTECFKGSNFYSGVGPT
21,21-10,20-0,../output/run15/g21/g21_3_relaxed.pdb,"-2.642,-1329.729",RYSYNLSVSGGSYNMNYLNITSYECFKGSNFYSGVGPT
24,24-40,21-10,../output/run15/g24/g24_0_relaxed.pdb,"-2.499,-1329.917",RYSYNPSVSGGSYNMNYLNITSYECFKGSNFYSGVGPT
